<?xml version="1.0" encoding="UTF-8"?>
<project-private xmlns="http://www.netbeans.org/ns/project-private/1">
    <editor-bookmarks xmlns="http://www.netbeans.org/ns/editor-bookmarks/2" lastBookmarkId="0"/>
    <open-files xmlns="http://www.netbeans.org/ns/projectui-open-files/2">
        <group>
            <file>file:/Users/mlewis/MPLABXProjects/PIC32MZ_drop-in_USB_CDC_ACM_v2.X/main.c</file>
            <file>file:/Users/mlewis/MPLABXProjects/PIC32MZ_drop-in_USB_CDC_ACM_v2.X/usb.h</file>
            <file>file:/Users/mlewis/MPLABXProjects/PIC32MZ_drop-in_USB_CDC_ACM_v2.X/usb_cdc_acm.c</file>
            <file>file:/Users/mlewis/MPLABXProjects/PIC32MZ_drop-in_USB_CDC_ACM_v2.X/usb_descriptors.h</file>
        </group>
    </open-files>
</project-private>
